{
    "name": "Test_Object_01",
    "size": {
        "x": 48.0,
        "y": 0.0,
        "z": 48.0
    },
    "placeable_surfaces": [
        {
            "y": 0.0,
            "x_min": -23.999000549316406,
            "z_min": -23.999000549316406,
            "x_max": 23.999000549316406,
            "z_max": 23.999000549316406
        }
    ],
    "type": "kinematic"
}